Patient_ID,Age,Gender,BMI,Blood_Glucose_Level,HbA1c_Level,Hypertension,Heart_Disease,Smoking_History,Pregnancies,Diabetes_Outcome
1,61,Male,18.6,140,6.2,0,0,current,0,0
2,68,Male,32.2,78,4.7,0,0,current,0,1
3,59,Male,31.5,209,7.4,1,1,never,0,1
4,69,Male,34.8,157,6.4,0,1,never,0,1
5,26,Female,20.3,158,8.7,0,0,never,7,0
6,55,Male,41.4,166,5.1,1,1,current,0,1
7,33,Male,19.1,128,9.9,0,0,never,0,0
8,35,Male,27.1,186,8.9,0,0,former,0,0
9,31,Female,26.5,138,9.4,0,0,current,1,0
10,59,Male,30.8,132,5.6,1,1,current,0,1
11,65,Male,34.4,84,6.1,0,1,former,0,1
12,38,Male,23.1,215,10.6,1,0,never,0,1
13,62,Female,27.5,187,5.5,0,0,current,8,1
14,55,Female,35.9,179,10.8,1,1,never,2,1
15,53,Female,20.2,82,10.5,0,0,current,6,1
16,59,Male,27.2,189,8.2,0,0,current,0,1
17,55,Female,36.4,157,5.3,1,0,former,0,1
18,67,Female,41.3,115,8.1,0,1,current,8,1
19,59,Male,21.7,111,8.3,0,1,former,0,1
20,22,Male,40.3,148,6.2,0,0,never,0,0
21,57,Male,20.1,194,10.2,0,0,current,0,1
22,51,Male,24.4,178,11.3,0,1,former,0,1
23,63,Female,28.5,202,7.7,0,0,never,5,1
24,22,Male,32.1,71,5,0,0,current,0,0
25,24,Male,19.6,78,10.5,0,0,never,0,0
26,53,Male,24.7,194,6,0,1,never,0,1
27,51,Female,22.6,94,9.1,1,1,former,7,1
28,67,Male,34.2,95,4.9,1,0,never,0,1
29,33,Male,30.9,105,7.5,0,0,former,0,0
30,50,Male,39,89,7.6,0,0,current,0,1
31,55,Male,41.3,130,5.7,1,1,never,0,1
32,46,Male,22,70,11.4,1,1,former,0,1
33,48,Female,21.7,145,6,0,0,current,5,1
34,24,Male,32,198,10.9,0,0,current,0,1
35,31,Male,41.1,90,10.5,0,0,never,0,0
36,59,Male,34.2,130,7.3,0,0,current,0,1
37,26,Female,33.8,214,8.2,0,0,former,3,1
38,63,Female,23.7,171,5.4,1,1,former,1,1
39,21,Female,32.9,214,11.5,0,0,never,8,1
40,34,Female,21.2,159,10.7,0,0,never,5,0
41,39,Male,28.5,209,9.4,0,0,current,0,1
42,56,Female,40.4,96,11.1,0,1,never,1,1
43,68,Male,24.5,123,9.5,0,1,current,0,1
44,52,Female,39.7,83,5.1,1,1,never,0,1
45,42,Male,33.3,137,5.6,1,0,current,0,1
46,66,Female,31.5,98,5,0,0,former,8,0
47,30,Female,21.1,148,7.1,0,0,never,5,0
48,34,Male,34,160,10,0,0,former,0,1
49,60,Male,40.2,130,10.6,0,1,never,0,1
50,32,Female,36.8,175,10.1,0,0,current,3,1
51,38,Male,36.9,97,7.2,0,0,former,0,0
52,35,Male,37.6,187,6.9,0,0,never,0,1
53,35,Male,33.8,172,6.8,0,0,never,0,1
54,70,Female,26.4,200,7.3,1,0,never,4,1
55,32,Female,18.9,181,6.9,0,0,former,6,0
56,59,Male,27.2,217,5.8,0,1,never,0,1
57,54,Male,26.7,87,11.1,1,1,current,0,1
58,28,Female,30.2,174,6.8,0,0,current,4,1
59,56,Male,22.6,167,9.2,0,1,former,0,1
60,56,Male,25.3,123,7.5,1,1,former,0,1
61,49,Male,30.3,113,9.1,1,1,never,0,1
62,69,Male,34.1,127,10.1,0,0,never,0,1
63,36,Female,32.7,88,7.7,0,0,current,6,1
64,52,Female,23.9,71,10.7,0,1,never,2,1
65,65,Female,19.2,133,10.9,0,1,never,7,1
66,63,Female,40.8,183,8.8,1,1,never,7,1
67,49,Female,36,140,9.9,1,0,former,7,1
68,25,Female,23.6,155,6.7,0,0,current,1,1
69,29,Male,23.6,109,9.4,0,0,never,0,0
70,47,Female,25.9,189,7.4,0,1,former,0,1
71,69,Female,29.4,160,6.6,1,1,current,8,1
72,59,Male,29.7,139,7.6,0,1,former,0,1
73,63,Female,35.4,189,10.9,0,1,current,0,1
74,26,Female,21.3,188,5.8,0,0,former,6,0
75,41,Male,28.9,156,9.8,1,0,former,0,1
76,69,Female,24.1,90,7.8,0,1,never,1,1
77,70,Male,36.1,133,5.9,0,0,never,0,0
78,29,Female,34.1,214,11.1,0,0,former,4,1
79,70,Female,22,99,9.9,0,1,never,0,1
80,40,Female,27.5,120,5,0,0,never,4,0
81,64,Male,37.1,214,10,1,1,current,0,1
82,44,Male,30.1,157,4.6,1,0,former,0,1
83,27,Female,41.1,187,9.5,0,0,former,2,1
84,67,Female,32.8,207,9.9,1,1,current,4,1
85,41,Male,37.9,92,6.5,1,0,never,0,0
86,69,Female,31.7,167,6.9,1,1,never,7,1
87,34,Female,37.1,157,6.5,0,0,current,4,1
88,56,Male,30.4,118,5.1,1,1,current,0,1
89,69,Male,34.6,195,7.6,0,0,former,0,1
90,35,Female,34.6,148,9.1,0,0,former,7,1
91,56,Female,28.2,210,6.8,1,1,former,4,1
92,35,Male,35.3,150,5.3,0,0,current,0,1
93,69,Male,22.6,193,6.4,1,0,never,0,1
94,39,Male,26.7,147,4.6,0,0,former,0,0
95,23,Male,31.3,102,9,0,0,former,0,0
96,27,Male,31.8,190,7.9,0,0,former,0,1
97,32,Male,24.1,192,5.3,0,0,never,0,0
98,46,Female,19.8,83,5.6,1,0,never,1,0
99,56,Female,32.6,127,9.9,1,1,former,4,1
100,58,Female,25.3,85,8.8,0,0,current,3,1
101,37,Male,21.8,114,8.4,0,0,never,0,0
102,47,Female,34.5,190,6.5,0,1,current,4,1
103,65,Female,19.7,129,11,0,1,never,8,1
104,35,Male,39.8,106,5,0,0,never,0,0
105,40,Female,28.5,189,9.3,1,0,former,8,1
106,55,Female,28.5,80,10.7,1,1,never,1,1
107,35,Male,42,138,8.5,0,0,never,0,0
108,51,Female,40,116,11.5,1,1,never,7,1
109,43,Female,26,96,10.5,1,0,former,7,0
110,39,Female,37.5,210,4.8,0,0,former,4,0
111,41,Male,41.3,173,10.6,0,0,current,0,1
112,55,Female,27.9,118,8.1,1,1,never,3,1
113,38,Male,40.3,182,10.7,1,0,never,0,1
114,22,Male,35,149,8.4,0,0,current,0,1
115,47,Male,23.4,99,7.7,0,0,former,0,0
116,66,Female,30.2,139,7.4,1,1,never,7,1
117,56,Male,27.2,200,9.7,0,0,former,0,1
118,70,Female,26.2,199,6.4,0,1,current,4,1
119,58,Female,38.8,184,8.3,1,1,current,8,1
120,45,Female,40.4,118,11.4,0,0,current,6,1
121,35,Female,19,191,9.4,0,0,former,6,0
122,63,Male,29.9,79,5.4,1,0,former,0,0
123,27,Female,18.4,106,7.4,0,0,current,2,0
124,25,Female,36.8,137,6.9,0,0,current,6,1
125,62,Male,38.4,206,7.2,1,1,current,0,1
126,23,Male,23.6,143,11.5,0,0,current,0,1
127,26,Female,41.5,95,7.6,0,0,current,4,1
128,22,Male,25.8,84,6.6,0,0,former,0,0
129,48,Male,23.9,175,8.5,0,0,never,0,1
130,26,Female,32.9,131,8,0,0,current,2,1
131,35,Female,33.3,187,6.3,0,0,never,7,0
132,39,Male,19.8,158,11.4,1,0,current,0,1
133,48,Female,29,147,5.9,1,1,never,3,1
134,45,Female,31.8,145,4.7,1,0,former,0,1
135,57,Male,39.9,197,10.3,1,0,current,0,1
136,43,Male,33.3,134,9.2,0,0,current,0,1
137,27,Male,25.4,182,4.7,0,0,former,0,0
138,67,Male,20.2,145,6.8,1,0,never,0,1
139,29,Female,30.7,139,10.3,0,0,former,7,0
140,39,Female,37.3,189,11.2,0,0,never,6,1
141,56,Female,20.2,171,4.6,0,1,former,4,1
142,58,Female,37.7,165,5.3,0,1,never,8,1
143,41,Male,33.5,188,10.9,1,0,current,0,1
144,47,Male,21.4,79,6.6,1,0,never,0,1
145,36,Male,27.3,164,9.2,1,0,current,0,1
146,68,Male,39.2,95,10.3,1,1,never,0,1
147,65,Female,23.2,183,11.2,1,0,current,5,1
148,55,Female,19.5,140,5.8,0,1,never,3,0
149,62,Male,19.2,155,6.2,0,0,never,0,0
150,69,Male,32.1,129,6.8,0,0,former,0,1
151,30,Male,31,114,5.3,0,0,never,0,0
152,29,Male,26.6,130,8.6,0,0,never,0,0
153,32,Female,19.3,177,8.2,0,0,current,1,1
154,51,Female,36.7,201,8.7,1,0,current,0,1
155,67,Female,29,77,4.9,1,1,former,1,1
156,52,Female,19.8,90,6.8,0,0,never,4,0
157,60,Female,27.1,205,6.6,1,0,current,1,1
158,62,Male,28.3,128,7.4,1,1,former,0,1
159,67,Male,25.5,150,9.2,1,0,current,0,1
160,51,Male,20.2,91,5.2,0,1,never,0,0
161,56,Male,32.1,213,8.4,0,1,former,0,1
162,63,Female,38.8,83,11.3,1,1,never,8,1
163,34,Male,33.8,127,10.4,0,0,former,0,0
164,56,Female,20.8,141,8.5,1,0,current,4,1
165,22,Male,24.6,149,11,0,0,former,0,0
166,21,Male,38.9,214,9.1,0,0,never,0,1
167,30,Male,20.2,205,6,0,0,former,0,0
168,50,Female,21.8,149,9.6,0,0,never,2,1
169,69,Male,34.2,139,7.6,1,1,current,0,1
170,49,Female,24.6,201,5.3,1,0,former,7,1
171,54,Female,19.1,171,11.4,0,0,never,4,1
172,34,Male,36.3,144,6.8,0,0,never,0,1
173,52,Female,22.2,167,8.2,0,1,never,6,1
174,68,Male,28.5,187,10.9,1,1,current,0,1
175,46,Female,24.9,173,4.6,1,0,current,7,1
176,65,Female,20.1,97,6.2,1,0,former,4,0
177,68,Female,23.3,113,5,0,0,former,5,0
178,67,Male,23.7,107,6.3,0,0,current,0,0
179,25,Male,40.8,196,7.7,0,0,current,0,1
180,69,Female,34.3,214,9,1,1,never,7,1
181,25,Female,28.6,147,10.1,0,0,current,0,1
182,43,Male,25.4,185,4.8,1,0,former,0,0
183,25,Male,32.8,199,7.2,0,0,current,0,1
184,56,Male,28.8,216,9.1,1,1,current,0,1
185,30,Male,28.8,157,11.4,0,0,never,0,0
186,53,Male,18.9,182,11.4,0,1,former,0,1
187,39,Female,27.8,156,9.3,0,0,current,5,1
188,25,Female,20.3,168,6.5,0,0,current,2,0
189,42,Male,32,106,10.9,1,0,current,0,1
190,65,Female,21.1,91,6.7,1,1,never,8,1
191,26,Female,30.2,74,7,0,0,never,3,0
192,42,Female,22.6,105,5.6,1,0,never,8,0
193,70,Male,33.9,103,8.7,0,0,never,0,1
194,65,Male,35.3,81,7.4,0,1,current,0,1
195,39,Female,23.6,131,6.7,1,0,never,5,0
196,64,Female,29.1,142,9.9,1,0,never,2,1
197,37,Male,33.4,165,8.4,0,0,current,0,1
198,54,Male,24.8,111,6.4,0,1,never,0,0
199,35,Female,39.2,76,7.4,0,0,former,8,0
200,44,Male,27.3,90,7.1,0,0,former,0,0
